school_id,school_name,district,block,total_enrolled_students,school_type,medium
SCH0050,Govt. Senior Secondary School Tank,MOGA,Moga-I,424,SECONDARY,PUNJABI
SCH0583,Govt. Middle School Dara,FEROZEPUR,Makhu,436,HIGHER SECONDARY,PUNJABI
SCH0083,Govt. Primary School Dutta,BATHINDA,Talwandi Sabo,196,PRIMARY,HINDI
SCH0306,Govt. Elementary School Bhardwaj,PATIALA,,375,PRIMARY,HINDI
SCH0110,Govt. Primary School Goswami,MOGA,Bagha Purana,398,HIGHER SECONDARY,PUNJABI
SCH0011,Govt. Senior Secondary School Munshi,PATIALA,Samana,422,HIGHER SECONDARY,PUNJABI
SCH0269,Govt. Middle School Narayanan,AMRITSAR,Amritsar-II,332,HIGHER SECONDARY,PUNJABI
SCH0354,Govt. Senior Secondary School Kakar,MOGA,Moga-II,402,SECONDARY,ENGLISH
SCH0329,Govt. Elementary School Modi,SANGRUR,,415,UPPER PRIMARY,HINDI
SCH0534,Govt. Elementary School Pau,FEROZEPUR,Makhu,410,PRIMARY,HINDI
SCH0282,Govt. Primary School Palan,SANGRUR,,203,PRIMARY,ENGLISH
SCH0488,Govt. Primary School Nayak,BATHINDA,Maur,57,UPPER PRIMARY,PUNJABI
SCH0235,Govt. Senior Secondary School Balan,AMRITSAR,Amritsar-II,315,UPPER PRIMARY,PUNJABI
SCH0132,Govt. Primary School Rajagopal,AMRITSAR,Tarn Taran,89,SECONDARY,HINDI
SCH0003,Govt. Senior Secondary School Chopra,FEROZEPUR,Zira,269,PRIMARY,ENGLISH
SCH0228,Govt. Elementary School Sankar,SANGRUR,Sunam,272,SECONDARY,HINDI
SCH0577,Govt. Elementary School Magar,LUDHIANA,Doraha,80,HIGHER SECONDARY,ENGLISH
SCH0427,Govt. Elementary School Mangat,JALANDHAR,Phillaur,42,PRIMARY,PUNJABI
SCH0185,Govt. Elementary School Tata,SANGRUR,Sunam,102,PRIMARY,ENGLISH
SCH0399,Govt. Middle School Konda,PATIALA,Samana,199,HIGHER SECONDARY,PUNJABI
SCH0375,Govt. Primary School Karan,FEROZEPUR,Ferozepur,242,SECONDARY,ENGLISH
SCH0079,Govt. Primary School Dash,BATHINDA,Maur,366,HIGHER SECONDARY,PUNJABI
SCH0248,Govt. Elementary School Grover,FEROZEPUR,Mamdot,313,SECONDARY,PUNJABI
SCH0056,Govt. Primary School Nagar,SANGRUR,Sangrur,405,SECONDARY,HINDI
SCH0221,Govt. Middle School Butala,BATHINDA,Bathinda,44,PRIMARY,HINDI
SCH0524,Govt. Primary School Sabharwal,LUDHIANA,Ludhiana-II,92,UPPER PRIMARY,HINDI
SCH0249,Govt. Senior Secondary School Toor,MOGA,Moga-II,229,PRIMARY,PUNJABI
SCH0383,Govt. Senior Secondary School Sama,LUDHIANA,Ludhiana-II,332,UPPER PRIMARY,ENGLISH
SCH0500,Govt. Elementary School Kala,BATHINDA,Talwandi Sabo,153,UPPER PRIMARY,HINDI
SCH0553,Govt. Elementary School Brar,LUDHIANA,Machhiwara,80,SECONDARY,PUNJABI
SCH0040,Govt. Primary School Gole,JALANDHAR,Nakodar,440,UPPER PRIMARY,PUNJABI
SCH0146,Govt. Primary School Sundaram,BATHINDA,Rampura Phul,153,UPPER PRIMARY,HINDI
SCH0378,Govt. Middle School Mitter,AMRITSAR,Amritsar-II,266,HIGHER SECONDARY,HINDI
SCH0078,Govt. Senior Secondary School Bhavsar,BATHINDA,Maur,224,PRIMARY,PUNJABI
SCH0119,Govt. Middle School Sur,FEROZEPUR,,252,HIGHER SECONDARY,ENGLISH
SCH0401,Govt. Senior Secondary School Sunder,MOGA,Moga-II,124,HIGHER SECONDARY,HINDI
SCH0149,Govt. Middle School Uppal,MOGA,Bagha Purana,117,HIGHER SECONDARY,HINDI
SCH0332,Govt. Senior Secondary School Lad,FEROZEPUR,Makhu,274,PRIMARY,PUNJABI
SCH0133,Govt. Primary School Thakur,MOGA,Moga-I,250,HIGHER SECONDARY,HINDI
SCH0216,Govt. Senior Secondary School Oommen,PATIALA,Nabha,315,SECONDARY,HINDI
SCH0585,Govt. Primary School Bala,SANGRUR,Sangrur,131,UPPER PRIMARY,HINDI
SCH0438,Govt. Senior Secondary School Chacko,BATHINDA,Talwandi Sabo,130,PRIMARY,PUNJABI
SCH0087,Govt. Elementary School Grewal,LUDHIANA,Ludhiana-II,445,SECONDARY,PUNJABI
SCH0322,Govt. Primary School Tak,MOGA,Nihal Singh Wala,179,SECONDARY,HINDI
SCH0337,Govt. Elementary School Bora,LUDHIANA,Ludhiana-II,207,UPPER PRIMARY,ENGLISH
SCH0077,Govt. Middle School Buch,AMRITSAR,Amritsar-II,138,HIGHER SECONDARY,HINDI
SCH0236,Govt. Senior Secondary School Palan,BATHINDA,Talwandi Sabo,384,HIGHER SECONDARY,ENGLISH
SCH0486,Govt. Primary School Johal,FEROZEPUR,Ferozepur,72,SECONDARY,PUNJABI
SCH0278,Govt. Primary School Kamdar,AMRITSAR,Amritsar-I,433,SECONDARY,PUNJABI
SCH0209,Govt. Elementary School Mane,FEROZEPUR,Zira,388,PRIMARY,HINDI
SCH0466,Govt. Middle School Chand,FEROZEPUR,Mamdot,272,PRIMARY,HINDI
SCH0394,Govt. Senior Secondary School Bala,BATHINDA,Talwandi Sabo,67,UPPER PRIMARY,HINDI
SCH0347,Govt. Primary School Mall,LUDHIANA,Machhiwara,311,UPPER PRIMARY,HINDI
SCH0566,Govt. Primary School Ramachandran,AMRITSAR,Tarn Taran,378,SECONDARY,PUNJABI
SCH0031,Govt. Primary School Mohanty,SANGRUR,,424,PRIMARY,HINDI
SCH0574,Govt. Primary School Deep,JALANDHAR,Phillaur,434,UPPER PRIMARY,HINDI
SCH0205,Govt. Elementary School Chander,,Ferozepur,63,SECONDARY,HINDI
SCH0312,Govt. Primary School Sagar,PATIALA,Samana,370,SECONDARY,ENGLISH
SCH0512,Govt. Elementary School Chana,FEROZEPUR,Makhu,267,SECONDARY,HINDI
SCH0141,Govt. Middle School Sane,SANGRUR,Malerkotla,63,PRIMARY,HINDI
SCH0474,Govt. Senior Secondary School Borra,SANGRUR,Dhuri,286,HIGHER SECONDARY,HINDI
SCH0578,Govt. Primary School Narasimhan,JALANDHAR,Phillaur,291,UPPER PRIMARY,PUNJABI
SCH0057,Govt. Elementary School Wagle,FEROZEPUR,Zira,401,HIGHER SECONDARY,HINDI
SCH0589,Govt. Elementary School Sarraf,PATIALA,Patiala,358,PRIMARY,PUNJABI
SCH0506,Govt. Primary School Parekh,JALANDHAR,Nakodar,442,SECONDARY,HINDI
SCH0229,Govt. Primary School Balay,PATIALA,,309,SECONDARY,HINDI
SCH0210,Govt. Primary School Barman,FEROZEPUR,Zira,250,HIGHER SECONDARY,HINDI
SCH0025,Govt. Elementary School Tella,LUDHIANA,Ludhiana-I,425,UPPER PRIMARY,PUNJABI
SCH0479,Govt. Primary School Tank,MOGA,Moga-I,257,HIGHER SECONDARY,HINDI
SCH0369,Govt. Senior Secondary School Naik,PATIALA,Rajpura,193,PRIMARY,PUNJABI
SCH0362,Govt. Elementary School Sinha,FEROZEPUR,Zira,67,UPPER PRIMARY,HINDI
SCH0364,Govt. Primary School Chowdhury,LUDHIANA,Machhiwara,84,HIGHER SECONDARY,ENGLISH
SCH0469,Govt. Middle School Gera,LUDHIANA,Ludhiana-II,265,PRIMARY,HINDI
SCH0071,Govt. Elementary School Comar,BATHINDA,Rampura Phul,165,PRIMARY,PUNJABI
SCH0353,Govt. Elementary School Parikh,FEROZEPUR,Ferozepur,212,UPPER PRIMARY,PUNJABI
SCH0177,Govt. Middle School Manne,MOGA,Moga-II,294,SECONDARY,PUNJABI
SCH0370,Govt. Primary School Pant,JALANDHAR,Jalandhar-II,148,UPPER PRIMARY,PUNJABI
SCH0061,Govt. Elementary School Dhawan,LUDHIANA,Machhiwara,343,PRIMARY,PUNJABI
SCH0600,Govt. Primary School Sandhu,AMRITSAR,Ajnala,193,SECONDARY,ENGLISH
SCH0102,Govt. Middle School Kakar,LUDHIANA,Ludhiana-II,249,UPPER PRIMARY,PUNJABI
SCH0204,Govt. Middle School Singhal,AMRITSAR,Amritsar-II,89,SECONDARY,HINDI
SCH0091,Govt. Middle School Soman,MOGA,Nihal Singh Wala,210,PRIMARY,PUNJABI
SCH0540,Govt. Elementary School Dugal,PATIALA,Patiala,288,PRIMARY,HINDI
SCH0471,Govt. Elementary School Chad,SANGRUR,,285,UPPER PRIMARY,PUNJABI
SCH0568,Govt. Primary School Zachariah,AMRITSAR,,141,HIGHER SECONDARY,HINDI
SCH0030,Govt. Elementary School Kar,MOGA,Bagha Purana,144,SECONDARY,ENGLISH
SCH0111,Govt. Middle School Butala,BATHINDA,Maur,350,UPPER PRIMARY,HINDI
SCH0510,Govt. Middle School Kant,BATHINDA,Talwandi Sabo,363,UPPER PRIMARY,HINDI
SCH0213,Govt. Elementary School Bhatt,BATHINDA,Maur,192,UPPER PRIMARY,ENGLISH
SCH0545,Govt. Elementary School Prabhakar,FEROZEPUR,Ferozepur,432,SECONDARY,HINDI
SCH0323,Govt. Middle School Kapoor,MOGA,Moga-I,295,UPPER PRIMARY,HINDI
SCH0290,Govt. Primary School Mander,JALANDHAR,Phillaur,187,SECONDARY,PUNJABI
SCH0530,Govt. Middle School Kata,PATIALA,Patiala,160,SECONDARY,PUNJABI
SCH0463,Govt. Primary School Rajagopalan,BATHINDA,Maur,277,PRIMARY,HINDI
SCH0453,Govt. Primary School Mahal,,Ludhiana-II,103,HIGHER SECONDARY,ENGLISH
SCH0156,Govt. Elementary School Barad,FEROZEPUR,Zira,344,PRIMARY,ENGLISH
SCH0082,Govt. Elementary School Mistry,AMRITSAR,Tarn Taran,350,UPPER PRIMARY,PUNJABI
SCH0251,Govt. Middle School Choudhry,BATHINDA,Talwandi Sabo,410,HIGHER SECONDARY,HINDI
SCH0595,Govt. Primary School Char,AMRITSAR,Ajnala,208,UPPER PRIMARY,HINDI
SCH0239,Govt. Middle School Butala,FEROZEPUR,Mamdot,159,PRIMARY,HINDI
SCH0406,Govt. Senior Secondary School Bhattacharyya,SANGRUR,Sunam,351,SECONDARY,PUNJABI
SCH0064,Govt. Senior Secondary School Nayar,PATIALA,Patiala,439,PRIMARY,PUNJABI
SCH0272,Govt. Senior Secondary School Sarin,FEROZEPUR,Makhu,265,UPPER PRIMARY,HINDI
SCH0073,Govt. Senior Secondary School Shah,MOGA,,345,SECONDARY,PUNJABI
SCH0257,Govt. Senior Secondary School Rai,FEROZEPUR,Ferozepur,231,HIGHER SECONDARY,PUNJABI
SCH0555,Govt. Elementary School Mukhopadhyay,JALANDHAR,Nakodar,297,UPPER PRIMARY,HINDI
SCH0336,Govt. Middle School Sridhar,SANGRUR,Malerkotla,277,PRIMARY,HINDI
SCH0579,Govt. Primary School Puri,BATHINDA,Talwandi Sabo,153,UPPER PRIMARY,PUNJABI
SCH0400,Govt. Senior Secondary School Sastry,BATHINDA,Rampura Phul,273,SECONDARY,PUNJABI
SCH0261,Govt. Middle School Sen,LUDHIANA,Ludhiana-II,340,HIGHER SECONDARY,HINDI
SCH0136,Govt. Middle School Banerjee,LUDHIANA,,179,SECONDARY,HINDI
SCH0341,Govt. Elementary School Virk,MOGA,Moga-I,61,PRIMARY,PUNJABI
SCH0212,Govt. Senior Secondary School Sachar,MOGA,Bagha Purana,386,SECONDARY,ENGLISH
SCH0542,Govt. Primary School Balasubramanian,SANGRUR,Sangrur,224,HIGHER SECONDARY,ENGLISH
SCH0300,Govt. Middle School Chaudhary,BATHINDA,Talwandi Sabo,232,PRIMARY,ENGLISH
SCH0481,Govt. Middle School Bhatti,PATIALA,Samana,249,UPPER PRIMARY,HINDI
SCH0007,Govt. Middle School Kale,FEROZEPUR,Makhu,272,SECONDARY,ENGLISH
SCH0105,Govt. Primary School Desai,AMRITSAR,Tarn Taran,125,PRIMARY,ENGLISH
SCH0115,Govt. Primary School Sachdev,FEROZEPUR,Makhu,86,PRIMARY,ENGLISH
SCH0159,Govt. Senior Secondary School Gade,LUDHIANA,Doraha,432,HIGHER SECONDARY,HINDI
SCH0182,Govt. Middle School Hari,,Nihal Singh Wala,330,UPPER PRIMARY,PUNJABI
SCH0532,Govt. Primary School Sahni,PATIALA,,295,SECONDARY,HINDI
SCH0365,Govt. Middle School Bhavsar,AMRITSAR,,99,HIGHER SECONDARY,HINDI
SCH0178,Govt. Middle School Dyal,AMRITSAR,Tarn Taran,348,UPPER PRIMARY,ENGLISH
SCH0594,Govt. Primary School Murthy,BATHINDA,Rampura Phul,228,PRIMARY,HINDI
SCH0200,Govt. Senior Secondary School Anne,SANGRUR,Sangrur,86,HIGHER SECONDARY,PUNJABI
SCH0422,Govt. Primary School Rajan,BATHINDA,Maur,375,SECONDARY,PUNJABI
SCH0301,Govt. Elementary School Loke,SANGRUR,Dhuri,207,PRIMARY,ENGLISH
SCH0409,Govt. Primary School Puri,AMRITSAR,,369,SECONDARY,HINDI
SCH0397,Govt. Elementary School Raghavan,SANGRUR,Sangrur,106,HIGHER SECONDARY,PUNJABI
SCH0287,Govt. Senior Secondary School Bhavsar,FEROZEPUR,Mamdot,340,SECONDARY,ENGLISH
SCH0258,Govt. Primary School Kalita,LUDHIANA,Ludhiana-I,247,HIGHER SECONDARY,PUNJABI
SCH0260,Govt. Primary School Deol,SANGRUR,Malerkotla,63,SECONDARY,ENGLISH
SCH0043,Govt. Middle School Sachar,MOGA,,99,SECONDARY,HINDI
SCH0074,Govt. Primary School Parmer,SANGRUR,,393,HIGHER SECONDARY,HINDI
SCH0538,Govt. Middle School Wali,FEROZEPUR,Zira,308,UPPER PRIMARY,ENGLISH
SCH0067,Govt. Senior Secondary School Dewan,LUDHIANA,,334,HIGHER SECONDARY,HINDI
SCH0012,Govt. Elementary School Mand,LUDHIANA,Ludhiana-I,118,HIGHER SECONDARY,PUNJABI
SCH0164,Govt. Senior Secondary School Barad,AMRITSAR,Ajnala,82,SECONDARY,PUNJABI
SCH0444,Govt. Middle School Setty,FEROZEPUR,Ferozepur,237,SECONDARY,HINDI
SCH0211,Govt. Senior Secondary School Edwin,PATIALA,Samana,379,HIGHER SECONDARY,HINDI
SCH0333,Govt. Middle School Warrior,AMRITSAR,Amritsar-I,262,UPPER PRIMARY,PUNJABI
SCH0084,Govt. Primary School Wali,PATIALA,Samana,378,UPPER PRIMARY,PUNJABI
SCH0279,Govt. Senior Secondary School Narayan,,Nihal Singh Wala,94,SECONDARY,PUNJABI
SCH0449,Govt. Primary School Keer,FEROZEPUR,Mamdot,362,SECONDARY,HINDI
SCH0080,Govt. Elementary School Roy,SANGRUR,Dhuri,214,PRIMARY,PUNJABI
SCH0024,Govt. Primary School Bhandari,FEROZEPUR,,182,PRIMARY,HINDI
SCH0288,Govt. Middle School Goyal,AMRITSAR,Amritsar-II,200,SECONDARY,HINDI
SCH0302,Govt. Middle School Sama,AMRITSAR,Tarn Taran,151,UPPER PRIMARY,ENGLISH
SCH0281,Govt. Elementary School Agarwal,AMRITSAR,Amritsar-II,218,HIGHER SECONDARY,PUNJABI
SCH0245,Govt. Senior Secondary School Sarkar,LUDHIANA,Doraha,233,PRIMARY,HINDI
SCH0291,Govt. Elementary School Seth,SANGRUR,Sunam,139,HIGHER SECONDARY,PUNJABI
SCH0330,Govt. Middle School Badami,,Moga-I,211,HIGHER SECONDARY,HINDI
SCH0138,Govt. Primary School Gandhi,MOGA,Moga-II,229,SECONDARY,HINDI
SCH0189,Govt. Elementary School Mitter,FEROZEPUR,Mamdot,334,SECONDARY,HINDI
SCH0166,Govt. Middle School Devi,MOGA,Moga-II,54,PRIMARY,HINDI
SCH0297,Govt. Middle School Narayanan,LUDHIANA,Doraha,312,UPPER PRIMARY,ENGLISH
SCH0010,Govt. Elementary School Mani,PATIALA,Samana,148,HIGHER SECONDARY,HINDI
SCH0197,Govt. Elementary School Dada,MOGA,Nihal Singh Wala,106,PRIMARY,PUNJABI
SCH0232,Govt. Primary School Choudhary,LUDHIANA,Machhiwara,170,UPPER PRIMARY,PUNJABI
SCH0320,Govt. Middle School Dave,AMRITSAR,Amritsar-I,402,PRIMARY,ENGLISH
SCH0266,Govt. Middle School Hora,JALANDHAR,Phillaur,202,PRIMARY,ENGLISH
SCH0085,Govt. Elementary School Bandi,,,189,SECONDARY,HINDI
SCH0175,Govt. Senior Secondary School Naik,LUDHIANA,Doraha,198,HIGHER SECONDARY,PUNJABI
SCH0548,Govt. Elementary School Yohannan,PATIALA,Rajpura,432,SECONDARY,PUNJABI
SCH0219,Govt. Senior Secondary School Oommen,MOGA,Bagha Purana,370,PRIMARY,PUNJABI
SCH0317,Govt. Middle School Purohit,FEROZEPUR,,399,UPPER PRIMARY,HINDI
SCH0491,Govt. Primary School Raman,,Dhuri,334,UPPER PRIMARY,HINDI
SCH0391,Govt. Senior Secondary School Lad,JALANDHAR,Nakodar,89,SECONDARY,ENGLISH
SCH0214,Govt. Elementary School Chahal,BATHINDA,Rampura Phul,102,HIGHER SECONDARY,HINDI
SCH0154,Govt. Middle School Chakraborty,FEROZEPUR,,436,PRIMARY,PUNJABI
SCH0076,Govt. Primary School Oommen,MOGA,Bagha Purana,399,SECONDARY,ENGLISH
SCH0093,Govt. Elementary School Bora,LUDHIANA,Machhiwara,251,SECONDARY,PUNJABI
SCH0431,Govt. Middle School Sarin,BATHINDA,Rampura Phul,384,UPPER PRIMARY,ENGLISH
SCH0069,Govt. Elementary School Mital,MOGA,Moga-I,299,PRIMARY,ENGLISH
SCH0016,Govt. Senior Secondary School Varughese,LUDHIANA,Ludhiana-I,225,SECONDARY,PUNJABI
SCH0193,Govt. Primary School Parmer,JALANDHAR,Jalandhar-II,127,SECONDARY,PUNJABI
SCH0376,Govt. Elementary School Talwar,MOGA,Moga-I,212,SECONDARY,PUNJABI
SCH0089,Govt. Middle School Krishnamurthy,AMRITSAR,Amritsar-II,385,PRIMARY,HINDI
SCH0519,Govt. Elementary School Palan,,Maur,195,UPPER PRIMARY,PUNJABI
SCH0118,Govt. Middle School Hari,SANGRUR,Sangrur,89,UPPER PRIMARY,HINDI
SCH0410,Govt. Primary School Bath,LUDHIANA,,224,SECONDARY,PUNJABI
SCH0435,Govt. Middle School Rama,AMRITSAR,Amritsar-II,420,HIGHER SECONDARY,PUNJABI
SCH0034,Govt. Senior Secondary School Kumar,BATHINDA,Bathinda,94,UPPER PRIMARY,HINDI
SCH0001,Govt. Primary School Nadkarni,AMRITSAR,Amritsar-I,419,UPPER PRIMARY,HINDI
SCH0554,Govt. Primary School Din,PATIALA,Patiala,364,HIGHER SECONDARY,HINDI
SCH0356,Govt. Middle School Brahmbhatt,PATIALA,Patiala,294,PRIMARY,PUNJABI
SCH0454,Govt. Senior Secondary School Bala,PATIALA,Rajpura,370,UPPER PRIMARY,ENGLISH
SCH0552,Govt. Primary School Bhavsar,PATIALA,Patiala,410,HIGHER SECONDARY,ENGLISH
SCH0023,Govt. Senior Secondary School Bumb,LUDHIANA,Machhiwara,412,PRIMARY,HINDI
SCH0473,Govt. Middle School Nori,JALANDHAR,Phillaur,346,PRIMARY,HINDI
SCH0117,Govt. Primary School Reddy,AMRITSAR,Tarn Taran,398,HIGHER SECONDARY,ENGLISH
SCH0090,Govt. Elementary School Pingle,SANGRUR,Dhuri,182,HIGHER SECONDARY,PUNJABI
SCH0183,Govt. Primary School Narain,JALANDHAR,,243,SECONDARY,HINDI
SCH0496,Govt. Middle School Hayre,AMRITSAR,Amritsar-II,283,UPPER PRIMARY,HINDI
SCH0412,Govt. Elementary School Anand,AMRITSAR,Ajnala,215,HIGHER SECONDARY,PUNJABI
SCH0019,Govt. Senior Secondary School Venkatesh,SANGRUR,Dhuri,101,PRIMARY,PUNJABI
SCH0429,Govt. Elementary School Narain,FEROZEPUR,Zira,180,SECONDARY,HINDI
SCH0536,Govt. Middle School Chandran,JALANDHAR,Jalandhar-I,311,SECONDARY,HINDI
SCH0145,Govt. Elementary School Kashyap,SANGRUR,Malerkotla,85,PRIMARY,PUNJABI
SCH0303,Govt. Elementary School Bava,JALANDHAR,,443,PRIMARY,HINDI
SCH0558,Govt. Senior Secondary School Morar,PATIALA,Rajpura,242,UPPER PRIMARY,ENGLISH
SCH0426,Govt. Elementary School Andra,FEROZEPUR,Ferozepur,364,PRIMARY,HINDI
SCH0273,Govt. Senior Secondary School Parikh,FEROZEPUR,Makhu,189,HIGHER SECONDARY,ENGLISH
SCH0262,Govt. Primary School Mital,FEROZEPUR,Makhu,236,UPPER PRIMARY,ENGLISH
SCH0363,Govt. Elementary School Sankar,BATHINDA,Rampura Phul,192,PRIMARY,ENGLISH
SCH0430,Govt. Senior Secondary School Dutt,FEROZEPUR,Makhu,399,SECONDARY,HINDI
SCH0168,Govt. Elementary School Narayan,AMRITSAR,Amritsar-I,171,UPPER PRIMARY,ENGLISH
SCH0055,Govt. Elementary School Sem,SANGRUR,Malerkotla,424,SECONDARY,ENGLISH
SCH0442,Govt. Middle School Karpe,FEROZEPUR,Mamdot,87,UPPER PRIMARY,HINDI
SCH0047,Govt. Senior Secondary School Karpe,JALANDHAR,Jalandhar-II,255,HIGHER SECONDARY,ENGLISH
SCH0094,Govt. Elementary School Pingle,PATIALA,Samana,321,SECONDARY,HINDI
SCH0305,Govt. Senior Secondary School Mane,JALANDHAR,,87,SECONDARY,ENGLISH
SCH0109,Govt. Elementary School Pradhan,FEROZEPUR,Makhu,273,UPPER PRIMARY,PUNJABI
SCH0293,Govt. Primary School Wadhwa,JALANDHAR,Phillaur,329,HIGHER SECONDARY,ENGLISH
SCH0196,Govt. Senior Secondary School Kara,LUDHIANA,Ludhiana-II,265,HIGHER SECONDARY,ENGLISH
SCH0514,Govt. Primary School Mahal,AMRITSAR,Amritsar-I,72,HIGHER SECONDARY,HINDI
SCH0468,Govt. Middle School Mishra,BATHINDA,Talwandi Sabo,154,SECONDARY,PUNJABI
SCH0371,Govt. Elementary School Baral,PATIALA,Nabha,344,PRIMARY,ENGLISH
SCH0408,Govt. Primary School Salvi,LUDHIANA,Ludhiana-I,96,HIGHER SECONDARY,PUNJABI
SCH0008,Govt. Middle School Sibal,AMRITSAR,Amritsar-II,313,UPPER PRIMARY,HINDI
SCH0413,Govt. Primary School Bhatnagar,SANGRUR,Dhuri,372,UPPER PRIMARY,HINDI
SCH0424,Govt. Elementary School Baral,BATHINDA,Rampura Phul,399,UPPER PRIMARY,HINDI
SCH0285,Govt. Primary School Chaudhry,FEROZEPUR,Ferozepur,400,SECONDARY,HINDI
SCH0276,Govt. Elementary School Naik,SANGRUR,Sunam,364,SECONDARY,PUNJABI
SCH0582,Govt. Primary School Tiwari,,Rajpura,416,HIGHER SECONDARY,PUNJABI
SCH0070,Govt. Elementary School Nair,SANGRUR,Sunam,262,SECONDARY,HINDI
SCH0265,Govt. Primary School Bhat,FEROZEPUR,Ferozepur,435,UPPER PRIMARY,PUNJABI
SCH0433,Govt. Senior Secondary School Hayre,AMRITSAR,Amritsar-I,235,PRIMARY,ENGLISH
SCH0299,Govt. Elementary School Sane,PATIALA,Nabha,404,UPPER PRIMARY,HINDI
SCH0250,Govt. Senior Secondary School Lad,BATHINDA,Talwandi Sabo,191,SECONDARY,ENGLISH
SCH0573,Govt. Middle School Thakkar,PATIALA,Nabha,337,UPPER PRIMARY,HINDI
SCH0275,Govt. Primary School Chandran,LUDHIANA,Machhiwara,402,SECONDARY,PUNJABI
SCH0150,Govt. Primary School Parikh,LUDHIANA,Doraha,299,HIGHER SECONDARY,ENGLISH
SCH0125,Govt. Primary School Srivastava,MOGA,Moga-I,129,UPPER PRIMARY,PUNJABI
SCH0470,Govt. Elementary School Handa,JALANDHAR,Nakodar,348,PRIMARY,PUNJABI
SCH0531,Govt. Senior Secondary School Acharya,PATIALA,Patiala,61,HIGHER SECONDARY,PUNJABI
SCH0186,Govt. Senior Secondary School Pillay,MOGA,Moga-I,321,SECONDARY,HINDI
SCH0334,Govt. Senior Secondary School Gole,MOGA,Bagha Purana,271,PRIMARY,HINDI
SCH0313,Govt. Senior Secondary School Behl,PATIALA,Nabha,422,PRIMARY,PUNJABI
SCH0478,Govt. Elementary School Padmanabhan,FEROZEPUR,Makhu,62,HIGHER SECONDARY,PUNJABI
SCH0311,Govt. Elementary School Sarkar,AMRITSAR,Amritsar-II,425,HIGHER SECONDARY,HINDI
SCH0350,Govt. Primary School Mann,JALANDHAR,,292,UPPER PRIMARY,HINDI
SCH0032,Govt. Senior Secondary School Narang,BATHINDA,Maur,218,UPPER PRIMARY,HINDI
SCH0587,Govt. Senior Secondary School Verma,JALANDHAR,Phillaur,321,UPPER PRIMARY,HINDI
SCH0507,Govt. Middle School Gola,LUDHIANA,Ludhiana-II,170,PRIMARY,ENGLISH
SCH0569,Govt. Middle School Gill,BATHINDA,Rampura Phul,290,UPPER PRIMARY,ENGLISH
SCH0487,Govt. Senior Secondary School Keer,BATHINDA,Bathinda,436,HIGHER SECONDARY,HINDI
SCH0142,Govt. Senior Secondary School Badami,BATHINDA,Rampura Phul,207,HIGHER SECONDARY,HINDI
SCH0020,Govt. Primary School Soman,AMRITSAR,Amritsar-I,157,PRIMARY,ENGLISH
SCH0173,Govt. Senior Secondary School Johal,MOGA,Moga-II,62,SECONDARY,PUNJABI
SCH0484,Govt. Elementary School Hayre,JALANDHAR,Jalandhar-I,422,UPPER PRIMARY,HINDI
SCH0483,Govt. Middle School Varkey,SANGRUR,Sunam,229,HIGHER SECONDARY,PUNJABI
SCH0026,Govt. Elementary School Narayan,,Ludhiana-II,234,HIGHER SECONDARY,HINDI
SCH0447,Govt. Middle School Dash,FEROZEPUR,,422,PRIMARY,PUNJABI
SCH0590,Govt. Elementary School Khare,SANGRUR,,151,HIGHER SECONDARY,HINDI
SCH0319,Govt. Primary School Bassi,LUDHIANA,Ludhiana-II,84,PRIMARY,HINDI
SCH0246,Govt. Primary School Chaudhari,PATIALA,Rajpura,146,SECONDARY,HINDI
SCH0339,Govt. Elementary School Zacharia,JALANDHAR,Jalandhar-I,46,UPPER PRIMARY,PUNJABI
SCH0155,Govt. Senior Secondary School Chander,FEROZEPUR,Makhu,169,UPPER PRIMARY,ENGLISH
SCH0127,Govt. Elementary School Palla,BATHINDA,Talwandi Sabo,369,PRIMARY,PUNJABI
SCH0368,Govt. Elementary School Raman,FEROZEPUR,Zira,323,HIGHER SECONDARY,PUNJABI
SCH0114,Govt. Primary School Randhawa,SANGRUR,Malerkotla,422,PRIMARY,HINDI
SCH0174,Govt. Senior Secondary School Lanka,SANGRUR,,109,HIGHER SECONDARY,HINDI
SCH0058,Govt. Elementary School Savant,FEROZEPUR,Mamdot,434,PRIMARY,ENGLISH
SCH0345,Govt. Elementary School Mangal,LUDHIANA,Machhiwara,440,HIGHER SECONDARY,HINDI
SCH0223,Govt. Senior Secondary School Mallick,BATHINDA,Maur,47,SECONDARY,PUNJABI
SCH0018,Govt. Elementary School Palla,BATHINDA,Talwandi Sabo,148,UPPER PRIMARY,ENGLISH
SCH0321,Govt. Primary School Nayak,JALANDHAR,Nakodar,104,SECONDARY,PUNJABI
SCH0256,Govt. Middle School Chaudhry,JALANDHAR,Jalandhar-I,89,UPPER PRIMARY,ENGLISH
SCH0328,Govt. Senior Secondary School Sarraf,SANGRUR,Sangrur,228,SECONDARY,HINDI
SCH0592,Govt. Primary School Ray,LUDHIANA,,56,SECONDARY,PUNJABI
SCH0191,Govt. Senior Secondary School Bera,AMRITSAR,Amritsar-II,195,SECONDARY,HINDI
SCH0342,Govt. Senior Secondary School Kashyap,SANGRUR,Sangrur,235,UPPER PRIMARY,PUNJABI
SCH0544,Govt. Senior Secondary School Khalsa,FEROZEPUR,Zira,138,UPPER PRIMARY,HINDI
SCH0292,Govt. Middle School Deo,SANGRUR,Sunam,82,UPPER PRIMARY,ENGLISH
SCH0095,Govt. Primary School Kanda,PATIALA,Nabha,199,HIGHER SECONDARY,PUNJABI
SCH0181,Govt. Primary School Lala,LUDHIANA,Ludhiana-II,351,HIGHER SECONDARY,ENGLISH
SCH0396,Govt. Senior Secondary School Deshmukh,MOGA,Moga-I,42,UPPER PRIMARY,HINDI
SCH0355,Govt. Primary School Tripathi,,Jalandhar-II,413,HIGHER SECONDARY,ENGLISH
SCH0551,Govt. Middle School Tara,MOGA,,110,UPPER PRIMARY,PUNJABI
SCH0335,Govt. Primary School Kota,AMRITSAR,Amritsar-II,94,HIGHER SECONDARY,HINDI
SCH0006,Govt. Primary School Bahri,MOGA,Moga-II,400,UPPER PRIMARY,PUNJABI
SCH0046,Govt. Elementary School Mody,MOGA,Bagha Purana,379,SECONDARY,ENGLISH
SCH0575,Govt. Middle School Nair,LUDHIANA,Doraha,251,SECONDARY,HINDI
SCH0417,Govt. Elementary School Ahuja,AMRITSAR,Tarn Taran,378,HIGHER SECONDARY,HINDI
SCH0526,Govt. Elementary School Raman,LUDHIANA,,81,UPPER PRIMARY,PUNJABI
SCH0017,Govt. Elementary School Pandit,AMRITSAR,Tarn Taran,75,UPPER PRIMARY,HINDI
SCH0049,Govt. Middle School Purohit,PATIALA,Rajpura,446,UPPER PRIMARY,HINDI
SCH0598,Govt. Primary School Warrior,BATHINDA,Maur,40,HIGHER SECONDARY,HINDI
SCH0564,Govt. Primary School Nair,BATHINDA,Talwandi Sabo,358,UPPER PRIMARY,HINDI
SCH0004,Govt. Elementary School Kaur,BATHINDA,,150,SECONDARY,ENGLISH
SCH0556,Govt. Middle School Dar,AMRITSAR,,261,HIGHER SECONDARY,HINDI
SCH0389,Govt. Primary School Borra,LUDHIANA,Machhiwara,191,HIGHER SECONDARY,HINDI
SCH0465,Govt. Senior Secondary School Banerjee,PATIALA,Rajpura,158,SECONDARY,ENGLISH
SCH0395,Govt. Elementary School Bose,SANGRUR,Sunam,201,UPPER PRIMARY,HINDI
SCH0226,Govt. Primary School Upadhyay,LUDHIANA,Doraha,374,UPPER PRIMARY,HINDI
SCH0027,Govt. Primary School Lal,SANGRUR,Sunam,137,PRIMARY,PUNJABI
SCH0584,Govt. Senior Secondary School Sahota,JALANDHAR,Phillaur,370,PRIMARY,ENGLISH
SCH0264,Govt. Elementary School Ghosh,LUDHIANA,Doraha,441,HIGHER SECONDARY,HINDI
SCH0051,Govt. Senior Secondary School Sarkar,PATIALA,Rajpura,352,PRIMARY,PUNJABI
SCH0230,Govt. Senior Secondary School Badal,PATIALA,Nabha,124,HIGHER SECONDARY,PUNJABI
SCH0038,Govt. Senior Secondary School Mandal,FEROZEPUR,Zira,61,PRIMARY,PUNJABI
SCH0158,Govt. Middle School Tella,MOGA,Nihal Singh Wala,138,UPPER PRIMARY,PUNJABI
SCH0238,Govt. Primary School Amble,PATIALA,Nabha,74,PRIMARY,PUNJABI
SCH0593,Govt. Middle School Iyer,JALANDHAR,Jalandhar-II,384,UPPER PRIMARY,PUNJABI
SCH0176,Govt. Elementary School Barad,MOGA,Bagha Purana,103,HIGHER SECONDARY,PUNJABI
SCH0520,Govt. Primary School Banerjee,SANGRUR,Malerkotla,44,SECONDARY,HINDI
SCH0437,Govt. Senior Secondary School Loyal,PATIALA,Rajpura,155,SECONDARY,HINDI
SCH0195,Govt. Elementary School Dhillon,SANGRUR,Malerkotla,368,HIGHER SECONDARY,PUNJABI
SCH0522,Govt. Primary School Lalla,PATIALA,Samana,185,SECONDARY,ENGLISH
SCH0384,Govt. Senior Secondary School Parekh,FEROZEPUR,Ferozepur,439,PRIMARY,HINDI
SCH0597,Govt. Senior Secondary School Zacharia,MOGA,Moga-II,354,HIGHER SECONDARY,HINDI
SCH0528,Govt. Senior Secondary School Sunder,PATIALA,Patiala,141,PRIMARY,ENGLISH
SCH0068,Govt. Primary School Mangat,AMRITSAR,Ajnala,390,PRIMARY,PUNJABI
SCH0415,Govt. Elementary School Mandal,LUDHIANA,,287,PRIMARY,ENGLISH
SCH0169,Govt. Elementary School Walia,,,102,HIGHER SECONDARY,PUNJABI
SCH0501,Govt. Primary School Devi,LUDHIANA,Doraha,241,UPPER PRIMARY,PUNJABI
SCH0163,Govt. Primary School Ratta,JALANDHAR,Nakodar,66,SECONDARY,HINDI
SCH0310,Govt. Elementary School Nair,SANGRUR,Malerkotla,409,UPPER PRIMARY,PUNJABI
SCH0194,Govt. Elementary School Suresh,AMRITSAR,Amritsar-I,368,SECONDARY,PUNJABI
SCH0153,Govt. Senior Secondary School Vohra,AMRITSAR,Amritsar-II,60,HIGHER SECONDARY,ENGLISH
SCH0351,Govt. Senior Secondary School Morar,PATIALA,Patiala,309,SECONDARY,ENGLISH
SCH0361,Govt. Elementary School Bumb,AMRITSAR,Amritsar-I,213,HIGHER SECONDARY,HINDI
SCH0227,Govt. Senior Secondary School Samra,FEROZEPUR,Makhu,393,SECONDARY,HINDI
SCH0357,Govt. Middle School Bhatti,MOGA,Nihal Singh Wala,45,UPPER PRIMARY,PUNJABI
SCH0104,Govt. Primary School Chacko,AMRITSAR,Amritsar-II,363,SECONDARY,PUNJABI
SCH0420,Govt. Elementary School Nair,AMRITSAR,Tarn Taran,267,HIGHER SECONDARY,PUNJABI
SCH0075,Govt. Middle School Mody,FEROZEPUR,Zira,196,SECONDARY,HINDI
SCH0452,Govt. Senior Secondary School Jaggi,PATIALA,Nabha,422,SECONDARY,ENGLISH
SCH0596,Govt. Middle School Tank,AMRITSAR,Tarn Taran,410,SECONDARY,HINDI
SCH0120,Govt. Middle School Sharaf,PATIALA,Rajpura,267,SECONDARY,ENGLISH
SCH0416,Govt. Middle School Batra,MOGA,Moga-I,400,UPPER PRIMARY,HINDI
SCH0439,Govt. Middle School Sankar,FEROZEPUR,,259,SECONDARY,PUNJABI
SCH0581,Govt. Elementary School Srivastava,MOGA,Nihal Singh Wala,353,PRIMARY,PUNJABI
SCH0208,Govt. Elementary School Rattan,BATHINDA,Bathinda,345,UPPER PRIMARY,HINDI
SCH0358,Govt. Elementary School Panchal,LUDHIANA,Ludhiana-I,237,HIGHER SECONDARY,PUNJABI
SCH0527,Govt. Senior Secondary School Bath,JALANDHAR,Jalandhar-II,168,PRIMARY,PUNJABI
SCH0366,Govt. Primary School Hari,FEROZEPUR,Zira,229,SECONDARY,PUNJABI
SCH0434,Govt. Primary School Bandi,JALANDHAR,Jalandhar-I,393,UPPER PRIMARY,PUNJABI
SCH0009,Govt. Middle School Bakshi,PATIALA,Samana,433,UPPER PRIMARY,PUNJABI
SCH0405,Govt. Primary School Agarwal,BATHINDA,Maur,254,PRIMARY,PUNJABI
SCH0037,Govt. Middle School More,LUDHIANA,Ludhiana-I,78,UPPER PRIMARY,HINDI
SCH0140,Govt. Middle School Garg,BATHINDA,Maur,426,SECONDARY,HINDI
SCH0254,Govt. Primary School Kapadia,SANGRUR,,70,HIGHER SECONDARY,HINDI
SCH0304,Govt. Senior Secondary School Dubey,SANGRUR,Dhuri,40,HIGHER SECONDARY,ENGLISH
SCH0529,Govt. Middle School Ganguly,MOGA,Moga-II,362,PRIMARY,PUNJABI
SCH0060,Govt. Elementary School Srinivas,FEROZEPUR,Makhu,382,HIGHER SECONDARY,HINDI
SCH0112,Govt. Senior Secondary School Bhagat,AMRITSAR,,198,PRIMARY,ENGLISH
SCH0502,Govt. Middle School Yogi,MOGA,Moga-I,46,HIGHER SECONDARY,ENGLISH
SCH0559,Govt. Elementary School Bera,FEROZEPUR,Makhu,390,PRIMARY,ENGLISH
SCH0381,Govt. Elementary School Varma,,Ferozepur,388,SECONDARY,PUNJABI
SCH0263,Govt. Elementary School Oak,LUDHIANA,Ludhiana-I,263,PRIMARY,ENGLISH
SCH0516,Govt. Middle School Misra,BATHINDA,Talwandi Sabo,360,UPPER PRIMARY,ENGLISH
SCH0298,Govt. Senior Secondary School Sibal,AMRITSAR,Amritsar-II,424,PRIMARY,HINDI
SCH0151,Govt. Primary School Dugar,AMRITSAR,Amritsar-I,354,HIGHER SECONDARY,HINDI
SCH0267,Govt. Elementary School Basak,AMRITSAR,Amritsar-II,84,HIGHER SECONDARY,PUNJABI
SCH0535,Govt. Elementary School Viswanathan,SANGRUR,Sunam,330,SECONDARY,HINDI
SCH0360,Govt. Senior Secondary School Bhat,BATHINDA,Bathinda,203,PRIMARY,HINDI
SCH0547,Govt. Middle School Lad,MOGA,Bagha Purana,251,HIGHER SECONDARY,HINDI
SCH0039,Govt. Senior Secondary School Baral,MOGA,Nihal Singh Wala,357,UPPER PRIMARY,PUNJABI
SCH0515,Govt. Elementary School Rattan,AMRITSAR,Amritsar-I,174,PRIMARY,HINDI
SCH0308,Govt. Middle School Butala,AMRITSAR,Amritsar-II,236,PRIMARY,HINDI
SCH0199,Govt. Elementary School Nath,MOGA,Bagha Purana,137,HIGHER SECONDARY,ENGLISH
SCH0498,Govt. Elementary School Pillay,MOGA,Moga-II,438,PRIMARY,HINDI
SCH0382,Govt. Primary School Lanka,MOGA,Bagha Purana,123,SECONDARY,PUNJABI
SCH0147,Govt. Senior Secondary School Das,MOGA,Bagha Purana,412,UPPER PRIMARY,HINDI
SCH0504,Govt. Senior Secondary School Barad,MOGA,Bagha Purana,245,UPPER PRIMARY,ENGLISH
SCH0549,Govt. Middle School Krishnamurthy,LUDHIANA,,185,UPPER PRIMARY,HINDI
SCH0148,Govt. Elementary School Sastry,JALANDHAR,Jalandhar-I,130,HIGHER SECONDARY,HINDI
SCH0450,Govt. Primary School Kurian,AMRITSAR,Amritsar-I,398,SECONDARY,ENGLISH
SCH0349,Govt. Primary School Jaggi,JALANDHAR,Jalandhar-II,343,SECONDARY,ENGLISH
SCH0326,Govt. Primary School Balasubramanian,FEROZEPUR,Makhu,178,SECONDARY,HINDI
SCH0421,Govt. Primary School Behl,SANGRUR,Sangrur,92,PRIMARY,HINDI
SCH0124,Govt. Middle School Goda,JALANDHAR,Nakodar,448,PRIMARY,HINDI
SCH0537,Govt. Senior Secondary School Jayaraman,FEROZEPUR,Zira,49,SECONDARY,PUNJABI
SCH0097,Govt. Middle School Prakash,SANGRUR,Sunam,236,UPPER PRIMARY,PUNJABI
SCH0144,Govt. Primary School Bakshi,FEROZEPUR,Mamdot,403,SECONDARY,HINDI
SCH0240,Govt. Senior Secondary School Mitter,MOGA,Bagha Purana,161,UPPER PRIMARY,ENGLISH
SCH0404,Govt. Primary School Keer,AMRITSAR,Ajnala,282,UPPER PRIMARY,PUNJABI
SCH0098,Govt. Elementary School Soman,MOGA,Bagha Purana,41,SECONDARY,PUNJABI
SCH0372,Govt. Senior Secondary School Mody,SANGRUR,Sangrur,442,HIGHER SECONDARY,HINDI
SCH0325,Govt. Elementary School Babu,MOGA,Nihal Singh Wala,116,PRIMARY,HINDI
SCH0280,Govt. Elementary School Modi,SANGRUR,Sunam,216,HIGHER SECONDARY,PUNJABI
SCH0294,Govt. Primary School Arora,MOGA,Moga-I,429,UPPER PRIMARY,HINDI
SCH0588,Govt. Senior Secondary School Sahota,JALANDHAR,Jalandhar-I,254,HIGHER SECONDARY,HINDI
SCH0123,Govt. Primary School Cheema,PATIALA,Nabha,159,UPPER PRIMARY,HINDI
SCH0184,Govt. Senior Secondary School Hora,SANGRUR,Dhuri,327,SECONDARY,ENGLISH
SCH0203,Govt. Middle School Grewal,PATIALA,Samana,323,HIGHER SECONDARY,HINDI
SCH0324,Govt. Primary School Sundaram,AMRITSAR,Amritsar-II,419,PRIMARY,PUNJABI
SCH0247,Govt. Senior Secondary School Barad,AMRITSAR,Tarn Taran,164,UPPER PRIMARY,ENGLISH
SCH0448,Govt. Senior Secondary School Sandal,LUDHIANA,Ludhiana-II,446,PRIMARY,PUNJABI
SCH0513,Govt. Primary School Sachdeva,LUDHIANA,Ludhiana-II,412,SECONDARY,PUNJABI
SCH0440,Govt. Middle School Devan,JALANDHAR,Jalandhar-I,118,PRIMARY,HINDI
SCH0546,Govt. Elementary School Prabhakar,JALANDHAR,Phillaur,298,UPPER PRIMARY,ENGLISH
SCH0418,Govt. Senior Secondary School Comar,LUDHIANA,,369,HIGHER SECONDARY,PUNJABI
SCH0126,Govt. Primary School Pillay,SANGRUR,Malerkotla,302,HIGHER SECONDARY,HINDI
SCH0403,Govt. Primary School Garde,LUDHIANA,Ludhiana-I,378,PRIMARY,PUNJABI
SCH0457,Govt. Elementary School Varty,AMRITSAR,Ajnala,357,UPPER PRIMARY,ENGLISH
SCH0443,Govt. Senior Secondary School Chakrabarti,SANGRUR,Sangrur,98,HIGHER SECONDARY,ENGLISH
SCH0224,Govt. Senior Secondary School Kunda,FEROZEPUR,Makhu,84,PRIMARY,HINDI
SCH0343,Govt. Elementary School Bassi,JALANDHAR,Jalandhar-I,354,UPPER PRIMARY,HINDI
SCH0054,Govt. Elementary School Bajwa,MOGA,Nihal Singh Wala,353,HIGHER SECONDARY,PUNJABI
SCH0220,Govt. Elementary School Mishra,JALANDHAR,Phillaur,130,PRIMARY,HINDI
SCH0130,Govt. Elementary School Mall,PATIALA,Rajpura,271,HIGHER SECONDARY,PUNJABI
SCH0560,Govt. Senior Secondary School Rajagopalan,PATIALA,Samana,216,PRIMARY,HINDI
SCH0423,Govt. Senior Secondary School Master,MOGA,,406,HIGHER SECONDARY,ENGLISH
SCH0480,Govt. Primary School Brar,,Makhu,136,PRIMARY,PUNJABI
SCH0562,Govt. Middle School Andra,AMRITSAR,,164,UPPER PRIMARY,PUNJABI
SCH0425,Govt. Senior Secondary School Wason,PATIALA,Nabha,101,HIGHER SECONDARY,PUNJABI
SCH0101,Govt. Elementary School Saxena,SANGRUR,,104,SECONDARY,PUNJABI
SCH0432,Govt. Elementary School Sura,SANGRUR,Dhuri,385,SECONDARY,HINDI
SCH0387,Govt. Middle School Varty,MOGA,Bagha Purana,192,HIGHER SECONDARY,ENGLISH
SCH0599,Govt. Senior Secondary School Vala,FEROZEPUR,Mamdot,63,UPPER PRIMARY,ENGLISH
SCH0295,Govt. Primary School Sule,BATHINDA,Bathinda,270,PRIMARY,HINDI
SCH0268,Govt. Primary School Amble,MOGA,Moga-I,345,SECONDARY,PUNJABI
SCH0495,Govt. Elementary School Sandal,MOGA,Moga-I,398,UPPER PRIMARY,ENGLISH
SCH0445,Govt. Primary School Wason,SANGRUR,Dhuri,62,UPPER PRIMARY,HINDI
SCH0113,Govt. Middle School Subramaniam,MOGA,Nihal Singh Wala,129,SECONDARY,ENGLISH
SCH0180,Govt. Elementary School Sha,MOGA,Nihal Singh Wala,180,PRIMARY,HINDI
SCH0451,Govt. Primary School Dasgupta,AMRITSAR,Ajnala,431,HIGHER SECONDARY,HINDI
SCH0494,Govt. Senior Secondary School Kurian,AMRITSAR,Tarn Taran,364,UPPER PRIMARY,PUNJABI
SCH0482,Govt. Elementary School Sibal,FEROZEPUR,Makhu,353,HIGHER SECONDARY,HINDI
SCH0374,Govt. Elementary School Yohannan,FEROZEPUR,Mamdot,332,PRIMARY,HINDI
SCH0315,Govt. Primary School Chakraborty,FEROZEPUR,,319,HIGHER SECONDARY,PUNJABI
SCH0152,Govt. Elementary School Dass,PATIALA,Samana,349,UPPER PRIMARY,ENGLISH
SCH0172,Govt. Primary School Konda,LUDHIANA,Machhiwara,231,PRIMARY,PUNJABI
SCH0234,Govt. Senior Secondary School Tak,MOGA,Nihal Singh Wala,269,HIGHER SECONDARY,ENGLISH
SCH0307,Govt. Elementary School Wali,,Rajpura,44,SECONDARY,PUNJABI
SCH0458,Govt. Senior Secondary School Murty,JALANDHAR,Nakodar,201,UPPER PRIMARY,PUNJABI
SCH0165,Govt. Middle School Mallick,PATIALA,Rajpura,218,HIGHER SECONDARY,PUNJABI
SCH0318,Govt. Elementary School Rout,JALANDHAR,Nakodar,240,PRIMARY,HINDI
SCH0137,Govt. Senior Secondary School Dani,FEROZEPUR,Ferozepur,112,PRIMARY,PUNJABI
SCH0411,Govt. Elementary School Narayanan,LUDHIANA,Ludhiana-II,379,SECONDARY,ENGLISH
SCH0198,Govt. Elementary School Sachar,PATIALA,Nabha,89,HIGHER SECONDARY,HINDI
SCH0571,Govt. Elementary School Gaba,PATIALA,Nabha,214,UPPER PRIMARY,HINDI
SCH0259,Govt. Primary School Munshi,SANGRUR,Dhuri,370,PRIMARY,HINDI
SCH0233,Govt. Senior Secondary School Mutti,,Ludhiana-I,281,HIGHER SECONDARY,PUNJABI
SCH0116,Govt. Middle School Gandhi,FEROZEPUR,Makhu,95,HIGHER SECONDARY,HINDI
SCH0121,Govt. Elementary School Deshmukh,LUDHIANA,,181,PRIMARY,HINDI
SCH0464,Govt. Elementary School Khalsa,JALANDHAR,Jalandhar-II,268,UPPER PRIMARY,PUNJABI
SCH0508,Govt. Senior Secondary School Kara,BATHINDA,Rampura Phul,50,SECONDARY,HINDI
SCH0377,Govt. Middle School Gandhi,PATIALA,Nabha,193,HIGHER SECONDARY,PUNJABI
SCH0385,Govt. Middle School Mane,LUDHIANA,Ludhiana-II,169,SECONDARY,PUNJABI
SCH0225,Govt. Middle School Chaudhry,LUDHIANA,Doraha,236,SECONDARY,HINDI
SCH0586,Govt. Elementary School Tailor,AMRITSAR,Amritsar-I,98,SECONDARY,HINDI
SCH0489,Govt. Elementary School Pant,JALANDHAR,Jalandhar-I,181,SECONDARY,HINDI
SCH0348,Govt. Elementary School Sarraf,BATHINDA,Bathinda,431,UPPER PRIMARY,HINDI
SCH0128,Govt. Primary School Walla,SANGRUR,Dhuri,77,SECONDARY,HINDI
SCH0446,Govt. Elementary School Kala,LUDHIANA,Ludhiana-I,147,UPPER PRIMARY,HINDI
SCH0286,Govt. Elementary School Badal,JALANDHAR,Nakodar,206,PRIMARY,ENGLISH
SCH0570,Govt. Primary School Padmanabhan,PATIALA,Samana,71,HIGHER SECONDARY,ENGLISH
SCH0044,Govt. Primary School Rajagopalan,FEROZEPUR,Makhu,413,HIGHER SECONDARY,HINDI
SCH0108,Govt. Middle School Warrior,SANGRUR,Malerkotla,386,PRIMARY,ENGLISH
SCH0523,Govt. Primary School Hora,AMRITSAR,Tarn Taran,356,HIGHER SECONDARY,HINDI
SCH0557,Govt. Senior Secondary School Raghavan,LUDHIANA,Machhiwara,174,HIGHER SECONDARY,PUNJABI
SCH0134,Govt. Elementary School Suri,BATHINDA,Rampura Phul,93,UPPER PRIMARY,PUNJABI
SCH0441,Govt. Primary School Gara,MOGA,Moga-I,441,UPPER PRIMARY,HINDI
SCH0062,Govt. Middle School Pradhan,JALANDHAR,Jalandhar-I,173,UPPER PRIMARY,PUNJABI
SCH0045,Govt. Senior Secondary School Divan,PATIALA,Samana,62,PRIMARY,PUNJABI
SCH0170,Govt. Middle School Mallick,LUDHIANA,Ludhiana-II,407,HIGHER SECONDARY,PUNJABI
SCH0066,Govt. Senior Secondary School Devan,MOGA,Moga-II,350,PRIMARY,PUNJABI
SCH0284,Govt. Senior Secondary School Prakash,PATIALA,Rajpura,362,HIGHER SECONDARY,PUNJABI
SCH0086,Govt. Middle School Tata,BATHINDA,Maur,257,UPPER PRIMARY,PUNJABI
SCH0243,Govt. Senior Secondary School Deep,BATHINDA,Maur,277,HIGHER SECONDARY,ENGLISH
SCH0187,Govt. Primary School Chaudhari,PATIALA,Patiala,142,UPPER PRIMARY,HINDI
SCH0327,Govt. Middle School Muni,LUDHIANA,Machhiwara,75,SECONDARY,HINDI
SCH0160,Govt. Middle School Munshi,JALANDHAR,Phillaur,62,UPPER PRIMARY,PUNJABI
SCH0013,Govt. Middle School Contractor,BATHINDA,Bathinda,388,SECONDARY,PUNJABI
SCH0036,Govt. Elementary School Solanki,LUDHIANA,Doraha,434,SECONDARY,PUNJABI
SCH0029,Govt. Primary School Lad,AMRITSAR,Amritsar-II,246,UPPER PRIMARY,PUNJABI
SCH0171,Govt. Primary School Dasgupta,JALANDHAR,Jalandhar-I,308,PRIMARY,PUNJABI
SCH0143,Govt. Elementary School Venkataraman,PATIALA,Samana,76,PRIMARY,ENGLISH
SCH0237,Govt. Elementary School Sood,JALANDHAR,Nakodar,136,PRIMARY,PUNJABI
SCH0497,Govt. Senior Secondary School Wali,SANGRUR,Sunam,160,SECONDARY,HINDI
SCH0517,Govt. Senior Secondary School Mangat,SANGRUR,Dhuri,316,HIGHER SECONDARY,PUNJABI
SCH0580,Govt. Primary School Apte,SANGRUR,Malerkotla,274,HIGHER SECONDARY,PUNJABI
SCH0222,Govt. Middle School Edwin,SANGRUR,Sunam,298,UPPER PRIMARY,PUNJABI
SCH0591,Govt. Senior Secondary School Anand,LUDHIANA,,320,UPPER PRIMARY,ENGLISH
SCH0096,Govt. Elementary School Walia,JALANDHAR,Phillaur,406,SECONDARY,HINDI
SCH0052,Govt. Primary School Kannan,SANGRUR,Dhuri,164,PRIMARY,HINDI
SCH0241,Govt. Middle School Dass,LUDHIANA,Ludhiana-II,360,HIGHER SECONDARY,PUNJABI
SCH0525,Govt. Elementary School Karpe,LUDHIANA,Machhiwara,151,SECONDARY,PUNJABI
SCH0352,Govt. Middle School Jayaraman,,Nakodar,70,UPPER PRIMARY,ENGLISH
SCH0533,Govt. Elementary School Tailor,AMRITSAR,Amritsar-II,289,SECONDARY,PUNJABI
SCH0179,Govt. Elementary School Raman,BATHINDA,Rampura Phul,268,HIGHER SECONDARY,PUNJABI
SCH0461,Govt. Primary School Ramachandran,BATHINDA,Bathinda,412,PRIMARY,HINDI
SCH0543,Govt. Primary School Dey,LUDHIANA,Ludhiana-I,195,UPPER PRIMARY,HINDI
SCH0042,Govt. Elementary School Bhatnagar,FEROZEPUR,Makhu,182,SECONDARY,HINDI
SCH0572,Govt. Middle School Dey,PATIALA,Rajpura,163,HIGHER SECONDARY,HINDI
SCH0539,Govt. Senior Secondary School Kalita,AMRITSAR,Amritsar-I,307,PRIMARY,PUNJABI
SCH0207,Govt. Primary School Kaul,SANGRUR,Malerkotla,283,SECONDARY,HINDI
SCH0393,Govt. Senior Secondary School Bava,BATHINDA,Talwandi Sabo,100,PRIMARY,PUNJABI
SCH0283,Govt. Middle School Reddy,AMRITSAR,Amritsar-II,419,UPPER PRIMARY,PUNJABI
SCH0359,Govt. Primary School Bhavsar,MOGA,Nihal Singh Wala,91,UPPER PRIMARY,PUNJABI
SCH0398,Govt. Primary School Narasimhan,PATIALA,Samana,47,UPPER PRIMARY,HINDI
SCH0255,Govt. Middle School Barman,FEROZEPUR,,48,SECONDARY,PUNJABI
SCH0518,Govt. Elementary School Sibal,FEROZEPUR,Makhu,217,UPPER PRIMARY,PUNJABI
SCH0218,Govt. Senior Secondary School Dugar,LUDHIANA,Ludhiana-II,248,HIGHER SECONDARY,ENGLISH
SCH0005,Govt. Elementary School Bajwa,BATHINDA,,413,PRIMARY,ENGLISH
SCH0550,Govt. Senior Secondary School Mittal,PATIALA,,51,SECONDARY,PUNJABI
SCH0099,Govt. Middle School Korpal,SANGRUR,Malerkotla,210,HIGHER SECONDARY,HINDI
SCH0407,Govt. Elementary School Mitter,BATHINDA,Maur,60,UPPER PRIMARY,PUNJABI
SCH0503,Govt. Elementary School Lala,JALANDHAR,Nakodar,161,SECONDARY,PUNJABI
SCH0048,Govt. Middle School Chana,FEROZEPUR,Ferozepur,195,HIGHER SECONDARY,PUNJABI
SCH0033,Govt. Primary School Shroff,BATHINDA,Bathinda,381,SECONDARY,HINDI
SCH0201,Govt. Primary School Sagar,LUDHIANA,Doraha,293,HIGHER SECONDARY,PUNJABI
SCH0135,Govt. Primary School Raghavan,MOGA,Bagha Purana,98,UPPER PRIMARY,ENGLISH
SCH0028,Govt. Primary School Sengupta,LUDHIANA,Machhiwara,297,UPPER PRIMARY,PUNJABI
SCH0541,Govt. Senior Secondary School Badami,BATHINDA,Bathinda,227,PRIMARY,PUNJABI
SCH0231,Govt. Primary School Datta,AMRITSAR,Tarn Taran,68,HIGHER SECONDARY,ENGLISH
SCH0490,Govt. Middle School Dutta,LUDHIANA,Ludhiana-I,86,SECONDARY,HINDI
SCH0379,Govt. Primary School Balay,JALANDHAR,Jalandhar-I,199,HIGHER SECONDARY,HINDI
SCH0289,Govt. Elementary School Mohanty,FEROZEPUR,Mamdot,345,HIGHER SECONDARY,HINDI
SCH0419,Govt. Elementary School Sarkar,MOGA,Moga-II,209,PRIMARY,HINDI
SCH0392,Govt. Middle School Kara,AMRITSAR,Amritsar-II,221,SECONDARY,HINDI
SCH0499,Govt. Middle School Oak,LUDHIANA,Machhiwara,230,HIGHER SECONDARY,HINDI
SCH0139,Govt. Elementary School Lata,JALANDHAR,Jalandhar-I,385,HIGHER SECONDARY,PUNJABI
SCH0063,Govt. Primary School Singhal,BATHINDA,Talwandi Sabo,169,HIGHER SECONDARY,ENGLISH
SCH0472,Govt. Senior Secondary School Nazareth,JALANDHAR,,108,PRIMARY,ENGLISH
SCH0129,Govt. Elementary School Malhotra,MOGA,,345,HIGHER SECONDARY,PUNJABI
SCH0521,Govt. Senior Secondary School Sharaf,FEROZEPUR,Mamdot,242,HIGHER SECONDARY,PUNJABI
SCH0065,Govt. Senior Secondary School Palla,JALANDHAR,Jalandhar-II,104,PRIMARY,ENGLISH
SCH0015,Govt. Primary School Brahmbhatt,BATHINDA,Maur,118,UPPER PRIMARY,PUNJABI
SCH0157,Govt. Middle School Keer,JALANDHAR,Jalandhar-I,370,SECONDARY,HINDI
SCH0041,Govt. Senior Secondary School Kuruvilla,SANGRUR,Sunam,142,HIGHER SECONDARY,HINDI
SCH0493,Govt. Primary School Bhattacharyya,SANGRUR,Sunam,427,HIGHER SECONDARY,ENGLISH
SCH0380,Govt. Middle School Minhas,LUDHIANA,Ludhiana-II,56,SECONDARY,PUNJABI
SCH0188,Govt. Elementary School Vig,MOGA,Nihal Singh Wala,322,PRIMARY,PUNJABI
SCH0217,Govt. Primary School Apte,PATIALA,Nabha,66,SECONDARY,HINDI
SCH0053,Govt. Elementary School Tailor,JALANDHAR,Phillaur,65,PRIMARY,HINDI
SCH0338,Govt. Senior Secondary School Wali,BATHINDA,,55,HIGHER SECONDARY,PUNJABI
SCH0296,Govt. Senior Secondary School Dash,PATIALA,Samana,403,HIGHER SECONDARY,HINDI
SCH0252,Govt. Primary School Krish,SANGRUR,Sunam,317,PRIMARY,PUNJABI
SCH0462,Govt. Senior Secondary School Gulati,FEROZEPUR,Zira,58,HIGHER SECONDARY,HINDI
SCH0456,Govt. Middle School Bhatnagar,BATHINDA,Bathinda,168,HIGHER SECONDARY,HINDI
SCH0270,Govt. Primary School Nadkarni,JALANDHAR,Jalandhar-I,125,HIGHER SECONDARY,HINDI
SCH0202,Govt. Elementary School Karpe,JALANDHAR,,412,HIGHER SECONDARY,HINDI
SCH0162,Govt. Elementary School Deshpande,SANGRUR,Dhuri,433,HIGHER SECONDARY,HINDI
SCH0402,Govt. Primary School Chakraborty,PATIALA,Patiala,341,PRIMARY,ENGLISH
SCH0477,Govt. Primary School Gupta,LUDHIANA,Ludhiana-I,87,UPPER PRIMARY,PUNJABI
SCH0106,Govt. Primary School Shanker,FEROZEPUR,Zira,165,UPPER PRIMARY,PUNJABI
SCH0390,Govt. Middle School Dutt,PATIALA,Samana,411,HIGHER SECONDARY,HINDI
SCH0002,Govt. Primary School Dewan,,Tarn Taran,56,UPPER PRIMARY,HINDI
SCH0576,Govt. Senior Secondary School Tripathi,,Amritsar-II,134,SECONDARY,HINDI
SCH0081,Govt. Middle School Batta,FEROZEPUR,,77,PRIMARY,HINDI
SCH0206,Govt. Middle School Menon,JALANDHAR,Nakodar,353,HIGHER SECONDARY,HINDI
SCH0035,Govt. Elementary School Setty,BATHINDA,Talwandi Sabo,168,PRIMARY,PUNJABI
SCH0509,Govt. Elementary School Maharaj,JALANDHAR,Nakodar,221,HIGHER SECONDARY,PUNJABI
SCH0428,Govt. Middle School Swamy,JALANDHAR,Jalandhar-II,414,PRIMARY,PUNJABI
SCH0455,Govt. Elementary School Borah,PATIALA,Patiala,132,PRIMARY,PUNJABI
SCH0367,Govt. Primary School Vala,BATHINDA,,177,UPPER PRIMARY,ENGLISH
SCH0092,Govt. Middle School Bawa,BATHINDA,Talwandi Sabo,429,HIGHER SECONDARY,PUNJABI
SCH0340,Govt. Elementary School Manda,BATHINDA,Bathinda,51,UPPER PRIMARY,PUNJABI
SCH0565,Govt. Middle School Kibe,LUDHIANA,,127,UPPER PRIMARY,PUNJABI
SCH0346,Govt. Primary School Peri,MOGA,Nihal Singh Wala,178,SECONDARY,ENGLISH
SCH0242,Govt. Elementary School Bhardwaj,MOGA,Nihal Singh Wala,249,HIGHER SECONDARY,HINDI
SCH0014,Govt. Senior Secondary School Soman,JALANDHAR,Phillaur,41,SECONDARY,PUNJABI
SCH0316,Govt. Elementary School Dhingra,,Doraha,150,PRIMARY,HINDI
SCH0388,Govt. Elementary School Saini,BATHINDA,Rampura Phul,136,UPPER PRIMARY,HINDI
SCH0274,Govt. Senior Secondary School Raval,FEROZEPUR,Makhu,98,UPPER PRIMARY,HINDI
SCH0167,Govt. Elementary School Pall,LUDHIANA,Doraha,281,UPPER PRIMARY,PUNJABI
SCH0485,Govt. Senior Secondary School Gola,LUDHIANA,Ludhiana-II,239,PRIMARY,HINDI
SCH0505,Govt. Primary School Chakraborty,PATIALA,Rajpura,235,UPPER PRIMARY,PUNJABI
SCH0244,Govt. Primary School Swamy,PATIALA,Samana,371,HIGHER SECONDARY,HINDI
SCH0567,Govt. Elementary School Sawhney,PATIALA,Rajpura,300,PRIMARY,HINDI
SCH0563,Govt. Senior Secondary School Nayak,,Talwandi Sabo,281,UPPER PRIMARY,HINDI
SCH0190,Govt. Senior Secondary School Chadha,MOGA,Moga-II,439,UPPER PRIMARY,PUNJABI
SCH0476,Govt. Primary School Chowdhury,JALANDHAR,Jalandhar-I,48,HIGHER SECONDARY,HINDI
SCH0511,Govt. Middle School Kuruvilla,FEROZEPUR,Ferozepur,80,UPPER PRIMARY,HINDI
SCH0059,Govt. Middle School Barman,BATHINDA,Talwandi Sabo,254,UPPER PRIMARY,PUNJABI
SCH0475,Govt. Primary School Prakash,BATHINDA,Maur,410,HIGHER SECONDARY,PUNJABI
SCH0561,Govt. Middle School Mishra,,Sunam,265,UPPER PRIMARY,PUNJABI
SCH0253,Govt. Senior Secondary School Saha,LUDHIANA,,110,UPPER PRIMARY,HINDI
SCH0022,Govt. Primary School Aggarwal,AMRITSAR,Amritsar-I,377,HIGHER SECONDARY,PUNJABI
SCH0314,Govt. Middle School Kakar,PATIALA,Rajpura,366,PRIMARY,HINDI
SCH0460,Govt. Senior Secondary School Solanki,SANGRUR,Sangrur,129,PRIMARY,HINDI
SCH0161,Govt. Senior Secondary School Mand,PATIALA,Nabha,198,HIGHER SECONDARY,HINDI
SCH0277,Govt. Middle School Nagi,SANGRUR,Dhuri,338,HIGHER SECONDARY,HINDI
SCH0192,Govt. Middle School Varty,BATHINDA,Bathinda,168,SECONDARY,PUNJABI
SCH0386,Govt. Elementary School Sama,MOGA,Nihal Singh Wala,169,SECONDARY,PUNJABI
SCH0414,Govt. Elementary School Goyal,AMRITSAR,Tarn Taran,342,HIGHER SECONDARY,HINDI
SCH0492,Govt. Middle School Dalal,BATHINDA,Rampura Phul,99,SECONDARY,PUNJABI
SCH0344,Govt. Senior Secondary School Bala,SANGRUR,Sangrur,84,UPPER PRIMARY,HINDI
SCH0309,Govt. Primary School Garde,FEROZEPUR,Zira,368,UPPER PRIMARY,HINDI
SCH0131,Govt. Elementary School Dani,MOGA,,200,SECONDARY,PUNJABI
SCH0100,Govt. Elementary School Sandal,FEROZEPUR,Zira,437,SECONDARY,HINDI
SCH0373,Govt. Middle School Soman,AMRITSAR,Amritsar-I,328,SECONDARY,ENGLISH
SCH0088,Govt. Middle School Golla,BATHINDA,Talwandi Sabo,264,PRIMARY,PUNJABI
SCH0459,Govt. Elementary School Mani,BATHINDA,Rampura Phul,108,SECONDARY,ENGLISH
SCH0331,Govt. Primary School Raju,PATIALA,,291,UPPER PRIMARY,HINDI
SCH0215,Govt. Elementary School Saha,BATHINDA,Bathinda,187,PRIMARY,PUNJABI
SCH0467,Govt. Elementary School Krishnan,BATHINDA,Rampura Phul,336,UPPER PRIMARY,PUNJABI
SCH0122,Govt. Senior Secondary School Ahluwalia,LUDHIANA,,442,UPPER PRIMARY,HINDI
SCH0021,Govt. Elementary School Sami,SANGRUR,Sunam,316,HIGHER SECONDARY,HINDI
SCH0072,Govt. Senior Secondary School Sengupta,FEROZEPUR,Makhu,54,SECONDARY,ENGLISH
SCH0107,Govt. Elementary School Krishna,PATIALA,Rajpura,338,HIGHER SECONDARY,PUNJABI
SCH0271,Govt. Elementary School Mohan,SANGRUR,Sunam,274,SECONDARY,HINDI
SCH0436,Govt. Primary School Joshi,FEROZEPUR,,253,SECONDARY,ENGLISH
SCH0103,Govt. Elementary School Parsa,AMRITSAR,Ajnala,385,HIGHER SECONDARY,PUNJABI
